id,title,narration,link,image
1,Statistician I,Praesent id massa id nisl venenatis lacinia. Aenean sit amet justo. Morbi ut odio.,http://skyrock.com,http://dummyimage.com/x.png/5fa2dd/ffffff
2,Programmer II,"Cum sociis natoque penatibus et magnis dis parturient montes, nascetur ridiculus mus. Vivamus vestibulum sagittis sapien. Cum sociis natoque penatibus et magnis dis parturient montes, nascetur ridiculus mus.",https://blogspot.com,http://dummyimage.com/x.png/dddddd/000000
3,Programmer III,In hac habitasse platea dictumst. Etiam faucibus cursus urna. Ut tellus.,https://opensource.org,http://dummyimage.com/x.png/5fa2dd/ffffff
4,Software Test Engineer II,In hac habitasse platea dictumst. Etiam faucibus cursus urna. Ut tellus.,https://spiegel.de,http://dummyimage.com/x.png/cc0000/ffffff
5,Office Assistant III,"Cras mi pede, malesuada in, imperdiet et, commodo vulputate, justo. In blandit ultrices enim. Lorem ipsum dolor sit amet, consectetuer adipiscing elit.",http://jiathis.com,http://dummyimage.com/x.png/ff4444/ffffff
6,Food Chemist,"Cras mi pede, malesuada in, imperdiet et, commodo vulputate, justo. In blandit ultrices enim. Lorem ipsum dolor sit amet, consectetuer adipiscing elit.",https://google.cn,http://dummyimage.com/x.png/dddddd/000000
7,Sales Associate,Aenean lectus. Pellentesque eget nunc. Donec quis orci eget orci vehicula condimentum.,https://gravatar.com,http://dummyimage.com/x.png/dddddd/000000
8,Database Administrator II,Suspendisse potenti. In eleifend quam a odio. In hac habitasse platea dictumst.,https://digg.com,http://dummyimage.com/x.png/ff4444/ffffff
9,Financial Advisor,"Praesent blandit. Nam nulla. Integer pede justo, lacinia eget, tincidunt eget, tempus vel, pede.",http://symantec.com,http://dummyimage.com/x.png/5fa2dd/ffffff
10,Social Worker,Integer ac leo. Pellentesque ultrices mattis odio. Donec vitae nisi.,https://lycos.com,http://dummyimage.com/x.png/5fa2dd/ffffff
11,Environmental Tech,Nullam sit amet turpis elementum ligula vehicula consequat. Morbi a ipsum. Integer a nibh.,http://eventbrite.com,http://dummyimage.com/x.png/dddddd/000000
12,Senior Cost Accountant,In hac habitasse platea dictumst. Etiam faucibus cursus urna. Ut tellus.,http://devhub.com,http://dummyimage.com/x.png/dddddd/000000
13,Professor,"Aenean fermentum. Donec ut mauris eget massa tempor convallis. Nulla neque libero, convallis eget, eleifend luctus, ultricies eu, nibh.",https://mediafire.com,http://dummyimage.com/x.png/ff4444/ffffff
14,Food Chemist,Nullam sit amet turpis elementum ligula vehicula consequat. Morbi a ipsum. Integer a nibh.,https://cbc.ca,http://dummyimage.com/x.png/ff4444/ffffff
15,Chief Design Engineer,"Vestibulum quam sapien, varius ut, blandit non, interdum in, ante. Vestibulum ante ipsum primis in faucibus orci luctus et ultrices posuere cubilia Curae; Duis faucibus accumsan odio. Curabitur convallis.",https://dropbox.com,http://dummyimage.com/x.png/5fa2dd/ffffff
16,Business Systems Development Analyst,"Cras mi pede, malesuada in, imperdiet et, commodo vulputate, justo. In blandit ultrices enim. Lorem ipsum dolor sit amet, consectetuer adipiscing elit.",https://independent.co.uk,http://dummyimage.com/x.png/dddddd/000000
17,Structural Engineer,In hac habitasse platea dictumst. Etiam faucibus cursus urna. Ut tellus.,https://census.gov,http://dummyimage.com/x.png/ff4444/ffffff
18,Nurse Practicioner,"Vestibulum quam sapien, varius ut, blandit non, interdum in, ante. Vestibulum ante ipsum primis in faucibus orci luctus et ultrices posuere cubilia Curae; Duis faucibus accumsan odio. Curabitur convallis.",https://cloudflare.com,http://dummyimage.com/x.png/cc0000/ffffff
19,Structural Analysis Engineer,"Vestibulum ac est lacinia nisi venenatis tristique. Fusce congue, diam id ornare imperdiet, sapien urna pretium nisl, ut volutpat sapien arcu sed augue. Aliquam erat volutpat.",http://seesaa.net,http://dummyimage.com/x.png/cc0000/ffffff
20,Social Worker,Fusce consequat. Nulla nisl. Nunc nisl.,http://spotify.com,http://dummyimage.com/x.png/ff4444/ffffff
